{
  "risk_analysis": {
    "3-5%": {
      "count": 6,
      "avg_risk": 3.8044678194109705,
      "avg_reward": 11.165035169350686,
      "avg_rr_ratio": 3.023715691138797,
      "success_potential": 100.0,
      "strong_signals": 6,
      "strong_signal_pct": 100.0,
      "median_rr": 2.3164730693851596,
      "rr_std": 1.5457657136490066
    },
    "5-7%": {
      "count": 14,
      "avg_risk": 6.267384386985228,
      "avg_reward": 262.7181631257448,
      "avg_rr_ratio": 44.94198359077782,
      "success_potential": 100.0,
      "strong_signals": 14,
      "strong_signal_pct": 100.0,
      "median_rr": 3.9157806165203084,
      "rr_std": 153.5052850663365
    },
    "7-10%": {
      "count": 9,
      "avg_risk": 8.638080182058493,
      "avg_reward": 52.737522699935056,
      "avg_rr_ratio": 6.200995192803485,
      "success_potential": 100.0,
      "strong_signals": 9,
      "strong_signal_pct": 100.0,
      "median_rr": 4.2335269709543635,
      "rr_std": 6.692035617617542
    },
    "10-15%": {
      "count": 8,
      "avg_risk": 11.815538837731918,
      "avg_reward": 51.79753787749536,
      "avg_rr_ratio": 4.330328437412556,
      "success_potential": 75.0,
      "strong_signals": 6,
      "strong_signal_pct": 75.0,
      "median_rr": 4.524563395921662,
      "rr_std": 2.723211824667644
    },
    "15-20%": {
      "count": 13,
      "avg_risk": 18.384782196975223,
      "avg_reward": 126.50186479489915,
      "avg_rr_ratio": 6.863864970184636,
      "success_potential": 84.61538461538461,
      "strong_signals": 11,
      "strong_signal_pct": 84.61538461538461,
      "median_rr": 7.357142857142858,
      "rr_std": 4.476078148626129
    },
    "20-30%": {
      "count": 52,
      "avg_risk": 25.590008057869873,
      "avg_reward": 1687.5980148779845,
      "avg_rr_ratio": 66.68549394724018,
      "success_potential": 94.23076923076923,
      "strong_signals": 49,
      "strong_signal_pct": 94.23076923076923,
      "median_rr": 5.671607111932113,
      "rr_std": 279.5451599644346
    },
    "30-50%": {
      "count": 86,
      "avg_risk": 36.73080221851918,
      "avg_reward": 458.3784396873177,
      "avg_rr_ratio": 12.672380374622966,
      "success_potential": 100.0,
      "strong_signals": 86,
      "strong_signal_pct": 100.0,
      "median_rr": 6.661953974503186,
      "rr_std": 14.769869604104759
    }
  },
  "time_optimization": {
    "hourly": {
      "('risk_reward_ratio', 'mean')": {
        "0": 14.093,
        "1": 7.533,
        "2": 10.303,
        "3": 9.024,
        "4": 9.728,
        "5": 337.862,
        "6": 5.92,
        "7": 22.663,
        "8": 7.896,
        "9": 6.56,
        "10": 8.927,
        "11": 212.269,
        "12": 5.501,
        "13": 8.155,
        "14": 11.534,
        "15": 6.355,
        "16": 7.383,
        "17": 4.717,
        "18": 82.058,
        "19": 34.288,
        "20": 7.001,
        "21": 4.614,
        "22": 5.837,
        "23": 13.565
      },
      "('risk_reward_ratio', 'count')": {
        "0": 12,
        "1": 13,
        "2": 10,
        "3": 10,
        "4": 7,
        "5": 5,
        "6": 7,
        "7": 3,
        "8": 9,
        "9": 11,
        "10": 8,
        "11": 6,
        "12": 8,
        "13": 5,
        "14": 6,
        "15": 12,
        "16": 9,
        "17": 11,
        "18": 8,
        "19": 9,
        "20": 6,
        "21": 7,
        "22": 11,
        "23": 12
      },
      "('risk_reward_ratio', 'std')": {
        "0": 25.545,
        "1": 7.448,
        "2": 12.526,
        "3": 8.815,
        "4": 8.556,
        "5": 711.427,
        "6": 6.537,
        "7": 30.176,
        "8": 5.292,
        "9": 6.528,
        "10": 4.365,
        "11": 506.714,
        "12": 6.22,
        "13": 3.051,
        "14": 5.923,
        "15": 6.362,
        "16": 9.808,
        "17": 3.436,
        "18": 200.905,
        "19": 84.319,
        "20": 7.28,
        "21": 3.774,
        "22": 4.363,
        "23": 14.505
      },
      "('signal_strength', '<lambda>')": {
        "0": 11,
        "1": 12,
        "2": 10,
        "3": 10,
        "4": 7,
        "5": 5,
        "6": 5,
        "7": 3,
        "8": 9,
        "9": 8,
        "10": 8,
        "11": 6,
        "12": 4,
        "13": 5,
        "14": 6,
        "15": 12,
        "16": 8,
        "17": 9,
        "18": 7,
        "19": 9,
        "20": 4,
        "21": 6,
        "22": 10,
        "23": 11
      }
    },
    "session": {
      "('risk_reward_ratio', 'mean')": {
        "Asian_Active": 61.159,
        "European_Open": 43.772,
        "European_US_Overlap": 7.427,
        "Pacific_Close": 10.573,
        "US_Active": 29.281,
        "US_Pacific_Overlap": 8.369
      },
      "('risk_reward_ratio', 'count')": {
        "Asian_Active": 32,
        "European_Open": 34,
        "European_US_Overlap": 31,
        "Pacific_Close": 35,
        "US_Active": 37,
        "US_Pacific_Overlap": 36
      },
      "('potential_risk', 'mean')": {
        "Asian_Active": 29.67,
        "European_Open": 29.018,
        "European_US_Overlap": 3335.733,
        "Pacific_Close": 27.393,
        "US_Active": 34.454,
        "US_Pacific_Overlap": 61.415
      },
      "('signal_strength', '<lambda>')": {
        "Asian_Active": 30,
        "European_Open": 31,
        "European_US_Overlap": 27,
        "Pacific_Close": 33,
        "US_Active": 33,
        "US_Pacific_Overlap": 31
      }
    },
    "category": {
      "('risk_reward_ratio', 'mean')": {
        "Alt": 24.621,
        "DeFi": 18.118,
        "Futures": 7.601,
        "Major": 32.25,
        "Meme": 22.527
      },
      "('risk_reward_ratio', 'count')": {
        "Alt": 131,
        "DeFi": 1,
        "Futures": 6,
        "Major": 65,
        "Meme": 2
      },
      "('potential_risk', 'mean')": {
        "Alt": 37.206,
        "DeFi": 55.912,
        "Futures": 32.417,
        "Major": 1608.162,
        "Meme": 66.676
      },
      "('potential_reward', 'mean')": {
        "Alt": 675.849,
        "DeFi": 1012.998,
        "Futures": 272.762,
        "Major": 671.285,
        "Meme": 795.727
      }
    }
  },
  "significance_tests": {
    "weekend_vs_weekday": {
      "statistic": -1.1370211410505713,
      "p_value": 0.25686979999125625,
      "significant": "False",
      "weekend_mean": 8.90879603176518,
      "weekday_mean": 34.28920226184278
    },
    "session_differences": {
      "statistic": 0.7378913211552868,
      "p_value": 0.5958801466463679,
      "significant": "False"
    }
  },
  "recommendations": {
    "optimal_risk_range": "30-50%",
    "optimal_hour": 5,
    "optimal_session": "Asian_Active",
    "optimal_category": "Major",
    "confidence_level": 0.95,
    "sample_size": 205,
    "reasoning": {
      "risk": "Range 30-50% shows 100.0% success rate with 86 signals",
      "time": "Hour 5:00 and Asian_Active session show best performance",
      "category": "Major category shows highest average R/R ratio"
    }
  }
}